{
  "module": "./tci_construct_mandelbrot_v002_fixed.py",
  "seed": 7,
  "domain": [
    -2.2,
    1.2,
    -1.6,
    1.6
  ],
  "alpha": 0.1,
  "sigma_bins": 1.0,
  "bins_start": 64,
  "bins_max": 512,
  "T_fixed": -1,
  "kl_threshold": 1e-06,
  "max_steps": 800,
  "min_steps": 5,
  "compound_threshold": 0.001,
  "tv_threshold": 0.05,
  "construct_step": 20,
  "construct_max_start": 300,
  "construct_max_growth": 1.35,
  "mandelbrot_grid_start": 600,
  "mandelbrot_grid_growth": 1.15,
  "mandelbrot_samples_start": 25000,
  "mandelbrot_samples_growth": 1.35,
  "mandelbrot_samples_max": 150000,
  "global_stop_reason": "",
  "rows": [
    {
      "bins": 64,
      "mesh_proxy": 0.015625,
      "construct_max_n": 300,
      "construct_step": 20,
      "n_construct_pts": 2400,
      "mandelbrot_grid": 600,
      "mandelbrot_samples": 25000,
      "n_mandel_pts": 2400,
      "alpha": 0.1,
      "sigma_bins": 1.0,
      "mode": "adaptive",
      "T_n": 87,
      "kl_initial": 0.1855062355894768,
      "delta_n": 9.505834955179127e-07,
      "kl_PM_PC": 0.1855062355894768,
      "pinsker_tv_bound_XT_PM": 0.0006894140611845369,
      "tv_XT_PM": 1.7581056798373743e-05,
      "tv_PC_PM": 0.16824673915297364,
      "overlap_mass_PC_PM": 0.8317532608470264,
      "mass_outside_domain_C": 0.0,
      "mass_outside_domain_M": 0.0,
      "tv_bound_PC_PM": 6.597536715257154,
      "compound": 9.330325900971106,
      "compound_with_pinsker": 6.597536715257154,
      "stop_reason": "kl_threshold_met",
      "runtime_sec": 3.9055447578430176
    },
    {
      "bins": 128,
      "mesh_proxy": 0.0078125,
      "construct_max_n": 400,
      "construct_step": 20,
      "n_construct_pts": 4200,
      "mandelbrot_grid": 690,
      "mandelbrot_samples": 33750,
      "n_mandel_pts": 4200,
      "alpha": 0.1,
      "sigma_bins": 1.0,
      "mode": "adaptive",
      "T_n": 103,
      "kl_initial": 0.6691289566403648,
      "delta_n": 9.273760819365837e-07,
      "kl_PM_PC": 0.6691289566403648,
      "pinsker_tv_bound_XT_PM": 0.0006809464303220128,
      "tv_XT_PM": 5.6795178792203325e-06,
      "tv_PC_PM": 0.2933141393107075,
      "overlap_mass_PC_PM": 0.7066858606892923,
      "mass_outside_domain_C": 0.0,
      "mass_outside_domain_M": 0.0,
      "tv_bound_PC_PM": 35.16693148469992,
      "compound": 49.733551452708035,
      "compound_with_pinsker": 35.16693148469992,
      "stop_reason": "kl_threshold_met",
      "runtime_sec": 8.308037281036377
    },
    {
      "bins": 256,
      "mesh_proxy": 0.00390625,
      "construct_max_n": 540,
      "construct_step": 20,
      "n_construct_pts": 7560,
      "mandelbrot_grid": 793,
      "mandelbrot_samples": 45562,
      "n_mandel_pts": 7560,
      "alpha": 0.1,
      "sigma_bins": 1.0,
      "mode": "adaptive",
      "T_n": 106,
      "kl_initial": 1.2333323620048053,
      "delta_n": 9.787484080662167e-07,
      "kl_PM_PC": 1.2333323620048053,
      "pinsker_tv_bound_XT_PM": 0.0006995528600707085,
      "tv_XT_PM": 5.558212759274523e-06,
      "tv_PC_PM": 0.3937577967335193,
      "overlap_mass_PC_PM": 0.6062422032664805,
      "mass_outside_domain_C": 0.0,
      "mass_outside_domain_M": 0.0,
      "tv_bound_PC_PM": 49.55808724982408,
      "compound": 70.08571911397037,
      "compound_with_pinsker": 49.55808724982408,
      "stop_reason": "kl_threshold_met",
      "runtime_sec": 18.66592836380005
    },
    {
      "bins": 512,
      "mesh_proxy": 0.001953125,
      "construct_max_n": 720,
      "construct_step": 20,
      "n_construct_pts": 13320,
      "mandelbrot_grid": 912,
      "mandelbrot_samples": 61509,
      "n_mandel_pts": 13320,
      "alpha": 0.1,
      "sigma_bins": 1.0,
      "mode": "adaptive",
      "T_n": 109,
      "kl_initial": 2.214599785411249,
      "delta_n": 9.553987582113363e-07,
      "kl_PM_PC": 2.214599785411249,
      "pinsker_tv_bound_XT_PM": 0.000691157998655639,
      "tv_XT_PM": 5.836738127496575e-06,
      "tv_PC_PM": 0.5672005975475329,
      "overlap_mass_PC_PM": 0.43279940245246695,
      "mass_outside_domain_C": 0.0,
      "mass_outside_domain_M": 0.0,
      "tv_bound_PC_PM": 67.1651222426603,
      "compound": 94.98582679401703,
      "compound_with_pinsker": 67.1651222426603,
      "stop_reason": "kl_threshold_met",
      "runtime_sec": 42.251768350601196
    }
  ]
}