{
  "module": "./tci_construct_mandelbrot_v002_fixed.py",
  "seed": 7,
  "domain": [
    -2.2,
    1.2,
    -1.6,
    1.6
  ],
  "alpha": 0.1,
  "sigma_bins": 3.0,
  "bins_start": 64,
  "bins_max": 512,
  "T_fixed": 25,
  "kl_threshold": 1e-06,
  "max_steps": 800,
  "min_steps": 5,
  "compound_threshold": 0.001,
  "tv_threshold": 0.05,
  "construct_step": 20,
  "construct_max_start": 300,
  "construct_max_growth": 1.6,
  "mandelbrot_grid_start": 600,
  "mandelbrot_grid_growth": 1.15,
  "mandelbrot_samples_start": 25000,
  "mandelbrot_samples_growth": 1.6,
  "mandelbrot_samples_max": 300000,
  "global_stop_reason": "",
  "rows": [
    {
      "bins": 64,
      "mesh_proxy": 0.015625,
      "construct_max_n": 300,
      "construct_step": 20,
      "n_construct_pts": 2400,
      "mandelbrot_grid": 600,
      "mandelbrot_samples": 25000,
      "n_mandel_pts": 2400,
      "alpha": 0.1,
      "sigma_bins": 3.0,
      "mode": "fixedT=25",
      "T_n": 25,
      "kl_initial": 0.013034561401508741,
      "delta_n": 7.938638017008213e-05,
      "kl_PM_PC": 0.013034561401508741,
      "pinsker_tv_bound_XT_PM": 0.006300253176265305,
      "tv_XT_PM": 0.002960582584198262,
      "tv_PC_PM": 0.04123959998435128,
      "overlap_mass_PC_PM": 0.9587604000156487,
      "mass_outside_domain_C": 0.0,
      "mass_outside_domain_M": 0.0,
      "tv_bound_PC_PM": 0.08775972748609506,
      "compound": 0.12411099684100252,
      "compound_with_pinsker": 0.08775972748609506,
      "stop_reason": "fixed_T",
      "runtime_sec": 4.454826354980469
    },
    {
      "bins": 128,
      "mesh_proxy": 0.0078125,
      "construct_max_n": 480,
      "construct_step": 20,
      "n_construct_pts": 6000,
      "mandelbrot_grid": 690,
      "mandelbrot_samples": 40000,
      "n_mandel_pts": 6000,
      "alpha": 0.1,
      "sigma_bins": 3.0,
      "mode": "fixedT=25",
      "T_n": 25,
      "kl_initial": 0.05730819860965652,
      "delta_n": 0.0010868700263531304,
      "kl_PM_PC": 0.05730819860965652,
      "pinsker_tv_bound_XT_PM": 0.023311692627875934,
      "tv_XT_PM": 0.005181604180276965,
      "tv_PC_PM": 0.07217744399781065,
      "overlap_mass_PC_PM": 0.9278225560021893,
      "mass_outside_domain_C": 0.0,
      "mass_outside_domain_M": 0.0,
      "tv_bound_PC_PM": 0.32472152071113103,
      "compound": 0.45922557858409735,
      "compound_with_pinsker": 0.32472152071113103,
      "stop_reason": "fixed_T",
      "runtime_sec": 12.52080225944519
    },
    {
      "bins": 256,
      "mesh_proxy": 0.00390625,
      "construct_max_n": 760,
      "construct_step": 20,
      "n_construct_pts": 14820,
      "mandelbrot_grid": 793,
      "mandelbrot_samples": 64000,
      "n_mandel_pts": 14820,
      "alpha": 0.1,
      "sigma_bins": 3.0,
      "mode": "fixedT=25",
      "T_n": 25,
      "kl_initial": 0.13144131422543376,
      "delta_n": 0.0033760419058186057,
      "kl_PM_PC": 0.13144131422543376,
      "pinsker_tv_bound_XT_PM": 0.041085532160473504,
      "tv_XT_PM": 0.0070093954302609665,
      "tv_PC_PM": 0.09763776400595878,
      "overlap_mass_PC_PM": 0.9023622359940413,
      "mass_outside_domain_C": 0.0,
      "mass_outside_domain_M": 0.0,
      "tv_bound_PC_PM": 0.5723032083230863,
      "compound": 0.8093589590001435,
      "compound_with_pinsker": 0.5723032083230863,
      "stop_reason": "fixed_T",
      "runtime_sec": 51.93319749832153
    },
    {
      "bins": 512,
      "mesh_proxy": 0.001953125,
      "construct_max_n": 1220,
      "construct_step": 20,
      "n_construct_pts": 37820,
      "mandelbrot_grid": 912,
      "mandelbrot_samples": 102400,
      "n_mandel_pts": 37820,
      "alpha": 0.1,
      "sigma_bins": 3.0,
      "mode": "fixedT=25",
      "T_n": 25,
      "kl_initial": 0.2772665078180934,
      "delta_n": 0.004722363928632227,
      "kl_PM_PC": 0.2772665078180934,
      "pinsker_tv_bound_XT_PM": 0.04859199485837264,
      "tv_XT_PM": 0.008930714675823629,
      "tv_PC_PM": 0.12440088743718586,
      "overlap_mass_PC_PM": 0.8755991125628144,
      "mass_outside_domain_C": 0.0,
      "mass_outside_domain_M": 0.0,
      "tv_bound_PC_PM": 0.6768648985157767,
      "compound": 0.9572315193752999,
      "compound_with_pinsker": 0.6768648985157767,
      "stop_reason": "fixed_T",
      "runtime_sec": 218.22473239898682
    }
  ]
}